Type,Name,Request Count,Failure Count,Median Response Time,Average Response Time,Min Response Time,Max Response Time,Average Content Size,Requests/s,Failures/s,50%,66%,75%,80%,90%,95%,98%,99%,99.9%,99.99%,100%
GET,/,4522,0,2,1.9682917647087648,0.823416998173343,31.56916599982651,17.0,76.57057686869307,0.0,2,2,2,2,3,4,5,7,21,32,32
POST,/queue,13447,0,3,3.605246350870117,1.6889159996935632,57.41508299979614,109.0,227.6967154253241,0.0,3,4,4,4,5,6,8,11,28,56,57
,Aggregated,17969,0,3,3.1932975146175915,0.823416998173343,57.41508299979614,85.8476821192053,304.2672922940172,0.0,3,3,4,4,5,6,8,11,27,56,57
