Type,Name,Request Count,Failure Count,Median Response Time,Average Response Time,Min Response Time,Max Response Time,Average Content Size,Requests/s,Failures/s,50%,66%,75%,80%,90%,95%,98%,99%,99.9%,99.99%,100%
GET,/,206,0,2,2.4774919319435904,1.1678749979182612,11.197249998076586,17.0,7.08033875099134,0.0,2,3,3,3,3,4,5,6,11,11,11
POST,/queue,595,0,4,4.709615885638857,2.6528339985816274,25.280290999944555,109.0,20.45049299436819,0.0,4,5,5,5,6,7,8,12,25,25,25
,Aggregated,801,0,4,4.135561535499999,1.1678749979182612,25.280290999944555,85.33957553058677,27.53083174535953,0.0,4,5,5,5,6,6,8,11,25,25,25
