Type,Name,Request Count,Failure Count,Median Response Time,Average Response Time,Min Response Time,Max Response Time,Average Content Size,Requests/s,Failures/s,50%,66%,75%,80%,90%,95%,98%,99%,99.9%,99.99%,100%
GET,/,34374,0,3,5.723591684708742,0.7985000011103693,143.6285410018172,17.0,581.891946695689,0.0,3,4,5,5,9,22,41,49,100,140,140
POST,/queue,102601,37603,130.0,129.63409620407975,1.7466250028519426,420.5884580005659,97.6385805206577,1736.8562175750387,636.5532923604466,130,150,160,170,190,220,270,310,380,410,420
,Aggregated,136975,37603,99,98.53864314805655,0.7985000011103693,420.5884580005659,77.40225588611061,2318.7481642707276,636.5532923604466,99,140,150,160,180,210,260,290,370,410,420
