Type,Name,Request Count,Failure Count,Median Response Time,Average Response Time,Min Response Time,Max Response Time,Average Content Size,Requests/s,Failures/s,50%,66%,75%,80%,90%,95%,98%,99%,99.9%,99.99%,100%
GET,/,44264,0,4,6.494982673689736,0.7357079994108062,189.88508400070714,17.0,749.2133653601759,0.0,4,5,6,7,13,23,32,40,82,160,190
POST,/queue,131627,19,8,10.833565019547011,1.75541700082249,198.13437499760767,108.99552523418447,2227.921282357308,0.3215943869022985,8,10,12,13,20,30,42,52,98,180,200
,Aggregated,175891,19,7,9.741735369610211,0.7357079994108062,198.13437499760767,85.84431267091551,2977.134647717484,0.3215943869022985,7,9,11,12,19,29,40,50,95,180,200
