Type,Name,Request Count,Failure Count,Median Response Time,Average Response Time,Min Response Time,Max Response Time,Average Content Size,Requests/s,Failures/s,50%,66%,75%,80%,90%,95%,98%,99%,99.9%,99.99%,100%
GET,/,4491,0,1,1.3731758412516857,0.6915419980941806,81.68949999890174,17.0,76.06383047740256,0.0,1,1,1,1,2,2,4,6,35,82,82
POST,/queue,13543,0,3,3.190770644341558,1.6836670001794118,113.98012499921606,109.0,229.37707774559402,0.0,3,3,3,3,4,5,9,15,81,110,110
,Aggregated,18034,0,2,2.738135718053623,0.6915419980941806,113.98012499921606,86.08927581235444,305.4409082229966,0.0,2,3,3,3,4,4,8,13,72,110,110
