Type,Name,Request Count,Failure Count,Median Response Time,Average Response Time,Min Response Time,Max Response Time,Average Content Size,Requests/s,Failures/s,50%,66%,75%,80%,90%,95%,98%,99%,99.9%,99.99%,100%
GET,/,197,0,2,2.5263464466370538,0.9221669970429502,59.015750000980916,17.0,6.7846247601403045,0.0,2,2,2,3,4,4,7,35,59,59,59
POST,/queue,599,0,4,5.656195053486162,2.150332999008242,119.80970800141222,109.0,20.62939203717788,0.0,4,5,7,8,9,11,14,27,120,120,120
,Aggregated,796,0,4,4.881596842997124,0.9221669970429502,119.80970800141222,86.23115577889448,27.414016797318187,0.0,4,4,5,6,9,10,13,27,120,120,120
