Type,Name,Request Count,Failure Count,Median Response Time,Average Response Time,Min Response Time,Max Response Time,Average Content Size,Requests/s,Failures/s,50%,66%,75%,80%,90%,95%,98%,99%,99.9%,99.99%,100%
GET,/,199,0,2,1.6923417386707988,0.9072499997273553,9.477999999944586,17.0,6.853019934377175,0.0,2,2,2,2,2,3,4,5,9,9,9
POST,/queue,620,0,4,11.718740583842925,2.4231249990407377,209.87604199763155,109.0,21.351117383486677,0.0,4,5,5,5,7,110,110,110,210,210,210
,Aggregated,819,0,4,9.282533782635046,0.9072499997273553,209.87604199763155,86.64590964590964,28.204137317863854,0.0,4,5,5,5,6,19,110,110,210,210,210
