Type,Name,Request Count,Failure Count,Median Response Time,Average Response Time,Min Response Time,Max Response Time,Average Content Size,Requests/s,Failures/s,50%,66%,75%,80%,90%,95%,98%,99%,99.9%,99.99%,100%
GET,/,7578,0,2,6.1970918763609015,0.8204170007957146,196.1085839975567,17.0,128.2105404424146,0.0,2,3,5,6,12,25,49,75,130,200,200
POST,/queue,21537,5065,1300.0,2040.5380192685102,1.8962920003104955,5291.838291002932,101.7095231462135,364.37983762315696,85.69363781219715,1300,3200,4700,4900,5000,5000,5000,5000,5200,5300,5300
,Aggregated,29115,5065,130.0,1511.0434100369225,0.8204170007957146,5291.838291002932,79.66148033659626,492.5903780655716,85.69363781219715,130,1700,3200,4300,5000,5000,5000,5000,5100,5300,5300
