Type,Name,Request Count,Failure Count,Median Response Time,Average Response Time,Min Response Time,Max Response Time,Average Content Size,Requests/s,Failures/s,50%,66%,75%,80%,90%,95%,98%,99%,99.9%,99.99%,100%
GET,/,4414,0,2,1.9294570002514149,0.7553750001534354,38.104916999145644,17.0,74.72617402885923,0.0,2,2,2,2,3,4,6,9,29,38,38
POST,/queue,13622,0,3,3.7776618042304104,1.6495840027346276,49.65012500179,109.0,230.6116770777346,0.0,3,4,4,4,5,6,10,14,37,48,50
,Aggregated,18036,0,3,3.325345547590175,0.7553750001534354,49.65012500179,86.48458638278997,305.33785110659386,0.0,3,3,4,4,5,6,9,13,35,48,50
