Type,Name,Request Count,Failure Count,Median Response Time,Average Response Time,Min Response Time,Max Response Time,Average Content Size,Requests/s,Failures/s,50%,66%,75%,80%,90%,95%,98%,99%,99.9%,99.99%,100%
GET,/,39598,0,4,10.540135614899318,0.7446250019711442,259.2742500019085,17.0,668.7523013625046,0.0,4,6,9,11,29,43,65,85,200,260,260
POST,/queue,120317,21960,49,50.390979483797345,1.0371249991294462,349.51762499986216,103.34194669082507,2031.97814644761,370.8722798606142,49,56,62,67,83,100,130,150,280,340,350
,Aggregated,159915,21960,44,40.52315147816535,0.7446250019711442,349.51762499986216,81.96203608166839,2700.7304478101146,370.8722798606142,44,52,57,62,77,94,120,150,260,340,350
