Type,Name,Request Count,Failure Count,Median Response Time,Average Response Time,Min Response Time,Max Response Time,Average Content Size,Requests/s,Failures/s,50%,66%,75%,80%,90%,95%,98%,99%,99.9%,99.99%,100%
GET,/,192,0,2,2.5607194272462643,1.1936670016439166,13.164375002816087,17.0,6.612384463802921,0.0,2,3,3,3,4,5,5,6,13,13,13
POST,/queue,611,0,6,6.655743217705484,2.6239159997203387,37.72812500028522,109.0,21.04253597595617,0.0,6,7,7,8,10,13,16,21,38,38,38
,Aggregated,803,0,5,5.676609260335409,1.1936670016439166,37.72812500028522,87.0024906600249,27.654920439759092,0.0,5,6,7,7,9,11,15,19,38,38,38
