Type,Name,Request Count,Failure Count,Median Response Time,Average Response Time,Min Response Time,Max Response Time,Average Content Size,Requests/s,Failures/s,50%,66%,75%,80%,90%,95%,98%,99%,99.9%,99.99%,100%
GET,/,4014,0,1,1.6417673731991498,0.7563339968328364,45.92591699838522,17.0,67.96413826129887,0.0,1,1,2,2,2,3,6,10,30,46,46
POST,/queue,12138,0,3,51.138603487383385,1.8252910012961365,2536.2183340002957,109.0,205.5178650263193,0.0,3,4,5,11,110,300,510,730,1900,2500,2500
,Aggregated,16152,0,3,38.837941020671096,0.7563339968328364,2536.2183340002957,86.13670133729569,273.48200328761817,0.0,3,3,4,5,100,210,410,610,1800,2500,2500
